RMSEP,y_true,y_pred
1.0448009158312581,"[ 8.18708664  6.47755577  6.24336389  7.537602    7.56224944  8.60205999
  8.41228903  8.39794001  8.53910216  6.30103     7.30103     8.24412514
  8.39794001  9.11918641  5.87484417  7.25305459  8.48148606  7.537602
  7.07572071  6.81530857  6.42365865  8.33441901 10.          8.15490196
  6.96729455  6.00436481  8.25181197  7.74472749  8.04575749  7.28399666
  7.82390874  7.62525165  9.82390874  8.58670024  7.83268267  6.94309515
  9.09582563  6.04000516  7.38721614  8.57186521  7.16215914  7.58502665
  8.          7.75448733  8.62893214  7.74472749  6.58670347  5.94538695
  8.30103     9.40782324  6.12262865  6.80715388  7.63827216  6.19178903
  8.86327943  6.4202164   5.21467016  6.79588002  6.97061622  6.8096683
  5.12493874  8.96657624  4.92081875  8.09022803  7.68824614  5.76878535
  6.34678749  8.29672991  8.85387196  6.68402965  8.62198641  9.4698003
  5.33724217  8.04575749  7.61978876  6.9788107   8.30103     6.07007044
  7.92081875  7.36653154  6.39794001  8.92081875  8.39794001  8.82102305
  8.05675464  9.24565166  8.65169514  7.48148606  7.16115091  6.93181414
  6.42596873  9.85387196  7.22914799  7.65757732  6.35941919  8.69897
  7.          7.74472749  7.80576325  8.37986395  5.6716204   6.21395879
  6.3400838   8.40560745  8.16178078  9.22184875  9.15490196  7.95860731
  6.72815839  7.35654732  8.59345982  8.30103     7.69897     9.52287875
  7.76955108  7.23657201  7.20811732  6.20342567  7.02149993  8.61092437
  8.92081875  6.39577395  8.15490196  7.49485002  8.39794001  8.30103
  9.85387196  7.74472749  7.63827216  8.4100504   8.6216021   7.02835312
  7.25963731  8.26760624  8.79317412  8.48545225  9.69897     7.3053948
  8.30103     8.39794001  6.63083982  6.38827669  8.20558414  8.69897
  7.30103     7.83150252  8.87236375  7.7212464   6.7212464   6.627088
  6.75696195  6.6179867   7.27572413  6.9788107   9.          8.48148606
  6.82973828  8.52287875  7.537602    7.7619539   7.54975089  9.838632
  6.13454429  8.72560274  5.65169514  6.18417662  5.33320132  8.22184875
  7.09151498  6.95860731  6.07987667  5.50445566  7.18708664  9.56863624
  8.25181197  8.1426675   6.63827216  5.67985371  9.          9.74472749
  5.65955589  5.23657201  5.7235382   7.4436975   6.81211282  5.17999569
  6.73136757  9.          7.08618615  9.53024037  7.4202164   7.92233198
  6.72584215  5.82390874  8.33348202  6.80882854  7.7212464   8.9788107
  6.86966623  6.69897     8.37986395  5.88605665  7.74472749  7.01322827
  9.46852108  7.27002571  5.51166084  7.93554201  7.65757732  5.88605665
  6.74472749  8.39794001  8.64403482  7.67778071  7.69897     8.50445566
  7.50307035  9.95860731  6.3705904   8.05453141  9.40120949  7.65757732
  6.96461177  8.63078414  6.20971484  7.24184538  7.52042469  5.81001203
  6.21467016  6.3419886   8.69897     7.58502665  7.39794001  7.36653154
  8.41907502  9.09366496  7.56863624  7.34678749  9.52287875 10.22184875
  5.88706002  8.98296666  9.52287875  6.65878301  7.7212464   5.8096683
  7.52287875  7.48148606  9.09691001  7.57170319  7.47154757  8.92081875
  8.85387196  5.29847519  7.21467016  7.60205999  8.16749109  9.45234557
  5.79588002  8.          8.39794001  7.68193667  8.12842706  7.92081875
  8.54151324  7.35654732  7.91364017  7.74472749  7.8096683   7.11918641
  9.30103     8.21467016  7.22184875  6.1123827   7.32790214  9.88605665
  8.28650946  7.69897     5.89619628  8.18842499  7.16115091  9.09691001
  8.69897     4.6454882   7.79588002  6.60205999  7.28399666  7.537602
  7.79588002  7.1426675   8.79048499  9.19111413  8.69897     8.76955108
  7.22184875  6.29756946  7.12090412  7.06874559  9.05453141  8.09691001
  6.99139983  8.52287875  5.10948477  9.          7.19111413  6.1426675
  7.61978876  7.36653154  7.24412514  9.99139983  7.95860731  7.02641038
  6.08301995  8.15490196  9.29670862  8.69897     6.85498269  5.65757732
  8.55284197  4.8134957   7.21467016  7.20065945  7.68837535  7.61978876
  8.7212464   7.16749109  8.77469072  7.49214413  7.19076675  7.48148606
  8.69897     7.31875876  8.55284197  6.21824463  7.35654732  7.9034377
  5.63827216  7.9905491   8.22184875  6.89568364  7.79184621  6.32513886
  8.55814782  7.50863831  8.08092191  7.03962437  7.92081875  6.94692156
  8.50031292  8.07745098  7.26760624  8.30103     5.95860731  9.95860731
  8.627088    6.9331473   6.92445304  8.9788107   6.63827216  9.39794001]","[8.32696652 7.69939861 8.03144238 7.64216027 7.23935329 7.97691181
 8.12057183 8.31169303 7.55237326 7.10633199 7.6101348  8.32896547
 7.33724337 7.66144289 6.99453433 8.11258995 8.12213234 8.18741177
 7.49426663 7.63321713 7.33423398 7.59822388 7.44052219 7.87885189
 8.20080744 7.15405486 7.60157143 8.10746083 8.03541556 8.06454731
 8.00200027 7.43550335 8.52766979 7.60984158 8.02962736 7.33538175
 6.87464483 8.12855351 7.97131191 7.29745308 7.73215103 7.40294073
 8.06060553 8.36257182 8.51171893 6.94573304 7.43555816 7.10731236
 8.19496584 8.16402709 7.41000333 8.05756547 7.48927296 6.99453433
 7.88974658 8.11105448 7.03466988 6.9833698  7.90937599 7.05440956
 7.49202946 8.18850031 6.64964039 7.64732904 8.27680708 7.64929688
 7.27127717 7.5091225  8.64530871 7.5132334  7.78726526 8.10152272
 7.21019984 8.46966176 7.60803199 7.71849766 8.18270766 7.00441597
 7.59822654 7.26794105 8.3684031  7.48952217 7.46917495 8.00869196
 7.6655668  7.55237326 6.88797568 7.29939932 7.69997794 8.03541556
 7.57291918 8.33630188 7.07100243 7.56424393 8.31648758 8.53061614
 7.04168383 8.01826588 7.53121248 8.29104898 7.0605109  6.9402777
 7.11321819 8.42671682 7.84854613 8.06465765 8.57843882 8.05196936
 7.43396963 7.89395393 7.72986357 7.92079575 8.67004025 7.7185228
 7.77357566 7.50134306 7.44958825 7.23157448 7.80720941 8.04942534
 8.52987948 7.64981526 7.04168383 7.69289492 7.69963406 7.51683136
 7.77534739 7.96465679 7.92774319 7.76624739 7.2010096  8.05756547
 7.92774319 8.08367084 7.99685875 8.2423797  7.9981047  7.47401287
 7.61268375 7.89816685 7.85141949 7.1215578  8.09231047 6.90612236
 7.51052776 7.90910165 8.08581499 7.57291918 7.98759222 7.99877935
 7.29120135 7.10633199 7.27267265 7.45363661 8.29384423 8.3533625
 7.67687335 7.96465679 8.11377775 8.0886351  7.69289492 8.23682991
 7.09499036 6.88130703 7.45683013 8.08021553 6.69339668 8.13337605
 7.29582353 7.4466639  8.0216181  7.95824751 8.08208468 7.56811551
 7.10563366 7.53349678 7.23596008 7.45683013 8.00869196 8.08536015
 7.12824468 7.67706891 7.8712954  6.97374817 7.49292437 7.23937051
 8.32913932 8.18592074 8.01061145 8.06199031 8.21944089 8.18036897
 7.21130535 8.42305738 7.73950333 7.98044242 7.85973574 8.44797095
 7.7952998  6.83629397 8.0586262  8.1868295  7.69817981 8.08536015
 7.8694036  7.04245645 7.98392142 7.97503998 6.90101463 7.09499036
 6.9491203  8.05275249 8.0846617  7.86933941 7.51292537 8.02962736
 6.57743432 8.28585698 6.49910646 7.77606238 6.88797568 8.23778697
 7.09499036 7.60929763 8.22920074 7.69008137 8.05756547 6.8688872
 7.00472947 6.79216947 7.36342534 8.01852024 8.18741177 8.02293252
 8.12733173 8.54699015 7.37493771 8.04221457 7.78976862 7.65079692
 7.25234125 8.28585698 8.3045459  7.1917551  8.00582102 7.92101643
 7.58051923 7.94721011 8.67141525 8.05756547 7.6655668  7.87367419
 8.47237842 7.84515937 7.25198307 7.99273442 7.23935329 8.2311201
 7.57358268 7.89128821 8.08428111 8.00684739 8.02877736 7.33724337
 7.8494819  7.37493771 7.78790812 7.86431629 7.29334406 8.18313071
 8.48163568 7.40294073 6.87838432 7.56640699 7.91877333 7.91643224
 8.0586262  7.39695647 8.1865112  7.85674091 7.66837602 8.57843882
 7.42999375 6.81933828 8.07670904 7.25812328 7.27390166 7.18807015
 7.30714874 7.80139379 7.71867035 7.90589517 8.05196936 8.08208468
 8.13793137 7.33724337 7.55953821 7.11222612 8.10384261 7.2265167
 7.29264785 8.50602733 6.71943099 8.08964295 8.00869196 7.33545637
 7.76002216 7.85932002 7.87020002 6.87464483 7.17235824 7.96162095
 7.93808725 7.90740323 8.14650982 7.0412664  6.95390717 7.17483566
 7.95198252 7.42725319 7.93316185 7.06551863 7.15958117 7.89862041
 7.79694273 7.46542499 7.89304864 7.42725319 7.06719408 7.69695547
 8.18270766 8.40116003 7.57291918 6.94743559 7.98687318 6.79216947
 7.75438335 8.01929586 7.94721011 8.01929586 7.58815975 7.55731701
 7.82829678 7.96365206 7.04245645 7.67236422 7.59822654 6.98426785
 8.0161167  7.50611812 7.26794105 7.14292657 8.04012921 7.49592593
 7.57436226 6.74719586 7.57291918 8.02868858 7.68210504 7.59822654]"
